Centerline_X,Centerline_Y
-5.650117957248585,-36.924735954842234
-6.134234222369688,-36.64318994251488
-6.632051324506614,-36.37643970788326
-6.833855091493744,-36.24930135022424
-7.352182040872942,-36.00364926433583
-7.569137351090458,-35.89026973882954
-8.106294474876943,-35.66347695295006
-8.653939240066814,-35.44808700597429
-8.891665626316279,-35.35178472075708
-9.455302883926928,-35.15172597843912
-10.027372596479992,-34.96096638284972
-10.60697758666582,-34.77869148843064
-10.868747095172445,-34.69851164211087
-11.460348886641254,-34.526750610381555
-12.057430769281858,-34.361370587647414
-12.659095565784632,-34.201557128350224
-12.940734887079344,-34.129902903989226
-13.55040079372724,-33.97578596541376
-14.162594427776313,-33.82513189810011
-14.776418611917027,-33.67712625649001
-15.390976168839762,-33.530954595025236
-16.005369921234898,-33.385802468147574
-16.622777579068334,-33.239889647829564
-17.23520054294624,-33.093928765019754
-17.846667091206612,-32.94582182224065
-18.45723355969394,-32.794395408109146
-19.066956284252708,-32.63847611124212
-19.675891600727393,-32.476890520256475
-20.28409584496248,-32.308465223769076
-21.180217606107746,-32.04804134965395
-21.785902920883927,-31.857759280340986
-22.391343338640255,-31.656418661052484
-23.282187284591604,-31.33604044702475
-23.887344460259882,-31.101613088359635
-24.49218745240653,-30.852133661700535
-25.38279891415722,-30.446310308275045
-25.982515436783977,-30.155672412963483
-26.57475921214882,-29.849524649208057
-27.156270234791037,-29.528434296461857
-27.999083061550227,-29.008213151355026
-28.542896329513493,-28.651234623234796
-29.064864736121237,-28.281381163209854
-29.561728275912756,-27.899220050733316
-30.030226943427365,-27.505318565258307
-30.683700514632257,-26.874746769803956
-31.071244634854317,-26.453556453299587
-31.419311774166538,-26.022693420882785
-31.875470009604534,-25.33738295436567
-32.22507609058719,-24.63176378772717
-32.46145057791624,-23.909183464065396
-32.586932144847495,-23.173324784432225
-32.61243990454342,-22.694057305266746
-32.56364895332625,-21.94418754895531
-32.41813429628653,-21.19146158970353
-32.270495454832314,-20.704990483571706
-32.081872196287435,-20.21903902363809
-31.739272976794553,-19.473478731364295
-31.46317933125026,-18.994532374880436
-31.154164970764,-18.520072569325418
-30.651282367958537,-17.80235426468188
-30.273447039309175,-17.344588493329955
-29.87075469786656,-16.895276177637516
-29.24438989088908,-16.226076181276476
-28.791526000119653,-15.803146830540477
-28.0987949572674,-15.182280791055945
-27.608822966696764,-14.792632472768304
-27.10764363479229,-14.418195378132207
-26.35444702936156,-13.88147826221197
-25.83464092591734,-13.549872892584904
-25.056476659761326,-13.084073688525493
-24.523934112288508,-12.79666283196255
-23.724170102471895,-12.399358322618951
-23.179948704655672,-12.15401690550992
-22.631640342894872,-11.925031882612657
-21.805644785435454,-11.616199664367743
-21.24707915591616,-11.426332022249
-20.684943783022923,-11.251671903299865
-19.836204046850906,-11.02459378007183
-19.265232988784085,-10.886098983225825
-18.69120940791395,-10.761662838507263
-17.82321286195953,-10.609620614214311
-17.24177517850072,-10.518397732923491
-16.65780219280922,-10.44008463271795
-16.071434049954927,-10.374352882966221
-15.482810895007745,-10.320874053036842
-14.892072873037572,-10.279319712298342
-13.99822558900053,-10.247158724416597
-13.402626273528774,-10.23340426719836
-12.805429311604652,-10.23042542812884
-12.206774848298066,-10.23789377657657
-11.606803028678925,-10.255480881910088
-11.00565399781713,-10.282858313497925
-10.403467900782582,-10.319697640708615
-9.800384882645183,-10.365670432910695
-9.196545088474831,-10.420448259472696
-8.592088663341443,-10.483702689763152
-7.987155752314907,-10.555105293150596
-7.381886500465127,-10.634327639003564
-6.776421052862011,-10.721041296690593
-6.17089955457546,-10.81491783558021
-5.2587101534779865,-10.970293264316357
-4.653896774782701,-11.079992783533173
-4.049544565974598,-11.195706312910419
-3.445793672123587,-11.317105421816628
-2.8427842382995725,-11.44386167962033
-2.2406564095724475,-11.575646655690065
-1.6395503310121322,-11.71213191939436
-1.0396061476885106,-11.852989040101754
-0.440964004671492,-11.997889587180781
0.1562359529690136,-12.146505129999973
0.7518535801631252,-12.298507237927868
1.3457487318409123,-12.453567480332994
1.937781262932492,-12.61135742658389
2.527811028367957,-12.771548646049087
3.115697883077395,-12.933812708097115
3.7013016819909272,-13.097821182096519
4.28449129379857,-13.263252371304308
4.865268332803236,-13.42988374893085
5.443735524130968,-13.597568324811803
6.019998132373978,-13.76616100593585
6.594161422124495,-13.935516699291664
7.166330657974704,-14.105490311867923
7.736611104516845,-14.275936750653315
8.305108026343117,-14.446710922636507
9.149828837319008,-14.692926625724663
9.714612004344474,-14.864074795350385
10.27807606473191,-15.035135177612329
10.84032628307354,-15.205962679499176
11.401477415092096,-15.376422565383356
11.961731700957124,-15.54647556876871
12.521338580162901,-15.716133930354925
13.080547951363794,-15.885410391909222
13.639609713214199,-16.05431769519884
14.198773764368473,-16.222868581990994
14.758290003481005,-16.391075794052924
15.318408329206166,-16.55895207315184
15.87937864019833,-16.72651016105498
16.441450835111898,-16.89376279952957
17.004874812601216,-17.06072273034283
17.569900471320675,-17.227402695261997
18.136777709924658,-17.39381543605429
18.705756427067527,-17.559973694486935
19.27708652140368,-17.725890212327165
19.85101766115222,-17.891577415139583
20.427695414269905,-18.056904882396886
21.006997232207887,-18.221374284844813
21.58875798965223,-18.384428869509932
21.870726832645218,-18.46553239000578
22.455676313619684,-18.625841858779964
23.042855757825826,-18.783615987119276
23.632100039949748,-18.938298022050265
24.223244034677492,-19.089331210599475
24.816122616695147,-19.236158799793465
25.410570660688776,-19.37822403665878
26.00642304134446,-19.514970168221964
26.29838684092779,-19.589688859896203
26.89718183648899,-19.71972536519076
27.497007824942287,-19.8429751014869
28.097312589981456,-19.957950530311162
28.697519537256134,-20.063105494595302
29.29705207241595,-20.156893837271095
29.596024896005606,-20.21512984470558
30.194441840349008,-20.28989808677455
30.79072098919351,-20.34921097229872
31.38428574818876,-20.391522344209854
31.68193906627407,-20.419350539123798
32.27110747798544,-20.433021235223656
32.85609811646354,-20.42560168277405
33.436334387358,-20.395545724706725
33.727705085006676,-20.377023374301004
34.30026425214978,-20.30870616521795
34.86660841807595,-20.213676667142273
35.15017511733076,-20.150700204858985
35.707170613313366,-20.013707758670094
36.25753609743249,-19.85065052797822
36.533276014486475,-19.747193545920016
37.074829378351,-19.547800143313324
37.61035883807734,-19.326100541752865
38.14015134097458,-19.083587715482718
38.4069627685822,-18.939547816947773
38.92934228605408,-18.669960280716033
39.4466663998975,-18.383501976112072
39.95922205742159,-18.081665877379976
40.21882753290255,-17.912347187956634
40.72536933984089,-17.59269784124158
41.22782424366055,-17.26161315673586
41.726479191670585,-16.920586108683544
42.22162113118008,-16.571109671328745
42.71353637360773,-16.214670319547807
43.20247406650123,-15.852374680271929
43.453441632131984,-15.673882097766118
43.9385821883137,-15.306639832843747
44.421132539068665,-14.934476657129029
44.90127994808937,-14.557866689296489
45.379211679068334,-14.177284048020631
45.85511499569807,-13.793202851975977
46.32917716167111,-13.40609721983705
46.80158544067996,-13.01644127027835
47.04468276434366,-12.839291400404491
47.51467652718156,-12.447446526438167
47.983398905406226,-12.053937224680798
48.451037162710165,-11.659237613806905
48.917778562785884,-11.263821812491008
49.38381036932593,-10.868163939407609
49.84931984602277,-10.472738113231243
50.31449425656898,-10.07801845263641
50.77952086465703,-9.684479076297627
51.24458693397945,-9.29259410288942
51.70987972822876,-8.90283765108629
52.17558651109748,-8.515683839562767
52.64189108225477,-8.13159808016612
53.34576250179901,-7.5571000470366005
53.814454698498686,-7.182616400751014
54.283384810354775,-6.810392382353675
54.75241526942652,-6.440085645780535
55.221408507773106,-6.071353844967545
55.69022695745379,-5.7038546338506695
56.158733050527765,-5.337245666365849
56.62678921905427,-4.971184596449049
57.09425789509254,-4.605329078036208
57.56100151070177,-4.239336765063295
58.026882497941216,-3.872865311466261
58.49176328887005,-3.5055723711810605
58.95550631554755,-3.1371155981436467
59.41797401003292,-2.7671526462899623
59.87902880438537,-2.3953411695559805
60.33853313066416,-2.0213388218776394
60.79634942092845,-1.6448032571909077
61.25232036480912,-1.2654066711349
61.70620568277266,-0.8828823720414672
62.15774330300866,-0.4969797198049234
62.606671153614094,-0.10744807438777615
63.05272716268591,0.28596320424743205
63.49564925832108,0.6835047561381854
63.93517536861659,1.0854272213219671
64.37104342166941,1.4919812398362309
64.80299134557649,1.903417451718473
65.23075706843478,2.319986497006147
65.43531218943303,2.545233341937768
65.8566372515258,2.968785238846403
66.27313943976736,3.3979418909291526
66.68455668225471,3.8329539382235014
67.09062690708483,4.274072020766935
67.49109415724678,4.72148314230258
67.88573146619515,5.175072609379866
68.27432045001169,5.6346364110949665
68.45964165660227,5.871856248875401
68.83903531290062,6.338554872353086
69.21182734986712,6.810790422956053
69.57779938489989,7.288358876081148
69.93673303539705,7.771056207125213
70.28840991875684,8.258678391485116
70.63261165237732,8.751021404557713
70.79498541155323,8.99717630000189
71.12774929007372,9.495195120768102
71.4524847246549,9.997497362734432
71.76897333269488,10.503879001297758
72.07699673159188,11.014136011854934
72.376336538744,11.52806436980282
72.51450318233728,11.780729796175034
72.80097713601211,12.29888712009513
73.07989807886736,12.819501742340716
73.35232672752348,13.34177968861995
73.61932379860089,13.86492698464098
73.88195000872008,14.388149656111977
74.01339096648664,14.636271031138946
74.27580483305763,15.155777452453849
74.53835568053591,15.67255971033235
74.80348046838478,16.185157791332532
75.07361647130026,16.692111529454156
75.35120096397833,17.191960758696943
75.63867122111498,17.683245313060674
75.9384645174062,18.16450502654507
76.25301812754802,18.63427973314989
76.5847693262364,19.091109266874895
77.08192756210303,19.77814926334154
77.46417020159979,20.197114356457575
78.2365085484486,21.026528821383657
79.14711740622089,21.749012216498727
79.91900855412166,22.22352930856468
80.7314194320026,22.662139618415043
81.29014124709184,22.943583545312237
81.85401576178707,23.218414550332326
82.41813479243339,23.489474179946285
82.97759015537596,23.759603980625123
83.52747366695988,24.031645498839797
84.0628771435303,24.30844028106131
84.34986274927893,24.446324659750623
84.85789188157747,24.734114402419344
85.3393764812273,25.033584927495916
85.5956593191892,25.185403032470482
86.03096068595565,25.506529312772372
86.25553436043248,25.673858695898936
86.63299991968427,26.023215554274195
86.81728095206103,26.210799230748165
87.12845402309357,26.593127858412124
87.27158393944629,26.801276652220366
87.39522029906843,27.01901906491986
87.6210992295461,27.443470530815194
87.70791259366202,27.67902223553974
87.8715145803425,28.13374800823871
87.92439043955866,28.38527174397834
87.9613796053024,28.64409252234679
88.05244137550528,29.132867236932306
88.05982127225906,29.404904154800946
88.0999214734083,29.916866992285364
88.08057759177859,30.200282788644223
88.07468680517408,30.732329287921225
88.03150463576739,31.02528670176038
87.98459344270897,31.574312401723642
87.91102676410432,32.13404963591037
87.81361106329845,32.70277188897174
87.73140879015732,33.009300754741645
87.60499893619068,33.58752608618022
87.46107435936443,34.17082409054321
87.30243859276462,34.757469973214356
87.13133239062799,35.34606941956459
86.94876842505079,35.93594928025108
86.75559738841,36.52653152509832
86.55266997308249,37.117238123930875
86.34083687144522,37.70749104657324
86.12094877587515,38.296712262849994
85.89385637874912,38.88432374258565
85.66041037244415,39.46974745560475
85.42146144933704,40.05240537173182
85.17785996820481,40.63171963123636
84.93022841424768,41.207228800934814
84.67856481505774,41.77879049930437
84.42276118687444,42.34631650878413
84.16270954593718,42.90971861181322
84.03744283756527,43.19164006920658
83.77315240342679,43.747318615078655
83.50416068552741,44.29872731674038
83.23035970010653,44.84577795663088
82.95164146340362,45.38838231718927
82.66789799165808,45.92645218085464
82.37902130110939,46.459899330066115
82.24959164272713,46.717881200045326
81.9539298285269,47.24331946563123
81.65268152451651,47.76398907900361
81.34573874693538,48.279801822601485
81.03299351202298,48.790669478864054
80.89347121334313,49.03246656441025
80.57208509882177,49.53515545097626
80.24444325596212,50.03275331244727
79.91043770100364,50.52517193126239
79.56996045018573,51.012323089860715
79.41441292406174,51.23869782502624
79.06342714934524,51.717472036400935
78.70541999258435,52.19060340417697
78.34017151558265,52.65773728536419
77.96746172930919,53.11851891599809
77.78995638859445,53.3302337348353
77.4044618306425,53.781467859771894
77.01082868187099,54.22567070358812
76.60883695324893,54.662487502319394
76.4094938981161,54.86302334061165
75.99287091329333,55.289380828562415
75.5672120670722,55.707673240861226
75.13229737042175,56.1175458135435
74.68790683431102,56.51864378264467
74.45592730772361,56.705892085902825
73.99464044154254,57.09526747789251
73.52365463096237,57.47487011014354
73.04337768149496,57.843904101072845
72.55421978085988,58.20157189524734
72.05659111677673,58.54707593723407
71.55090187696507,58.87961867160003
71.03756224914449,59.198402542912206
70.75746194491254,59.354427001427766
70.23260751582234,59.652915426209645
69.70131594742708,59.93563758296537
69.1639974274463,60.20179591626196
68.62106214359964,60.450592870666384
68.07292028360663,60.68123089074567
67.5199820351869,60.89291242106681
66.96265758605999,61.08483990619677
66.65936092539718,61.18340790538639
66.09692884841994,61.34574640899788
65.53132381943935,61.48632346244586
64.96295602617505,61.6043415102973
64.39223565634657,61.69900299711922
63.81957289767357,61.76951036747862
63.515379646804526,61.80766966970715
62.942411958517134,61.84172792940912
62.368772069883306,61.85009859753012
61.79498968085407,61.8329788608048
61.49805616847465,61.82261981626563
60.92746187421299,61.76707803729779
60.358086264932595,61.68630453353852
59.79001367421723,61.58150058488819
59.5049046447032,61.51975370889757
58.94090847313048,61.38094805353852
58.37809426866856,61.22158033288413
57.816468550681364,61.04302032910163
57.25603783853275,60.8466378243582
56.98342231326726,60.735473881056095
56.42628955662489,60.51494168984057
55.87023075436687,60.28005537725983
55.31525242585712,60.032184725481095
54.76136109045943,59.77269951667155
54.208563267537784,59.50296953299841
53.94651497136513,59.356556012545525
53.39610906949523,59.07462696006544
52.846675628647105,58.78592151231745
52.298221168184604,58.4918094514688
51.750752207471635,58.193660559686656
51.20427526587209,57.89284461913826
50.65879686274983,57.59073141199079
50.11432351746873,57.28869072041146
49.57086174939266,56.988092326567454
49.31561320957549,56.837999470526356
48.77325461564237,56.54344841782608
48.231786547460075,56.253808042456825
47.69121552439249,55.970448126585865
47.15154809022552,55.69473788488201
46.61279912715371,55.427852771471585
46.07500398411302,55.17049265249553
45.53820109309558,54.923285752769544
45.00242888609358,54.68686029710935
44.46766960147639,54.46176876882956
43.933640682887386,54.248206743307044
43.399981650503584,54.04626476548961
42.866332013724104,53.856033365797956
42.33233128194813,53.67760307465274
41.52806976812281,53.423759934181575
40.99242273980023,53.27538904611961
40.45508483163138,53.13919413037699
39.91569555301543,53.01526571737442
39.37389441335151,52.90369433753254
38.556721221373664,52.755928689012215
38.00760237477729,52.67614819654741
37.4547318822832,52.609099601016226
36.897749253290534,52.55487343283935
36.054048600892315,52.49997726425453
35.485056148830225,52.4789891343963
34.910611775419866,52.47119829566529
34.330354990060314,52.476695278482154
33.44557638402463,52.519628341933625
32.84861765945871,52.559810514010735
32.24450673809386,52.61365537140864
31.63288471378978,52.68125117397331
31.01365917459288,52.76230428817978
30.38730135924485,52.85571335382579
29.75435419743735,52.96027427564064
29.115361130484594,53.07478218542582
28.4710221825085,53.1977956593818
27.822413983485376,53.32730432092538
27.17066863019857,53.46121399765916
26.51691821943141,53.59743051718574
25.86229484796718,53.73385970710773
25.207930612589223,53.86840739502771
24.554957610080802,53.99897940854831
23.90450793722525,54.1234815752721
23.2577136908059,54.23981972280171
22.61570696760603,54.34589967873973
21.979619864409003,54.43962727068876
21.657370888756,54.488269134921644
21.030770210478146,54.56220705960591
20.412840335307738,54.618701456289514
19.804713360027996,54.65565815257509
19.207521381422332,54.670982976065226
18.622396496273957,54.66258175436251
18.322060612489146,54.665622545072196
17.75549156294239,54.62064105959971
17.203740789957557,54.546842364922725
16.920935810869523,54.514894559443206
16.391953025204785,54.39671597933422
15.880539699206597,54.244629026009086
15.61964853065708,54.16956725138863
15.135215343697503,53.96530079096924
14.891368329863539,53.856982274170534
14.436484788039367,53.59577585872097
14.211629887072828,53.45058932287657
13.788135931551334,53.12898876521593
13.385802643970923,52.76669094310415
13.192403372235983,52.560761591190975
12.819591844508713,52.14158416161107
12.463709327436352,51.68967870594389
12.29575775625213,51.43506261090438
11.961120666058378,50.94223158534794
11.638237997904941,50.42647316660588
11.325048742924194,49.89164398642134
11.019491892248602,49.34160067653765
10.71950643701058,48.780199868698034
10.423031368342539,48.21129819464568
10.128005677376951,47.638752286123946
9.832368355246182,47.06641877487594
9.534058393082702,46.498154292645
9.231014782018931,45.937815471174346
8.921176513187275,45.38925894220719
8.602482577720206,44.85634133748685
8.27287196675009,44.34291928875646
7.9302836714094,43.85284942775937
7.39015126740947,43.155191369891995
7.006973956144867,42.73656141561285
6.398579507201978,42.15478014371271
5.97220272901463,41.81306002962512
5.3040433762846035,41.33291978201386
4.842486839964197,41.05253247701344
4.368765626061936,40.79296478177257
3.884339545262262,40.551042058695
3.3906684082495935,40.32358967018452
2.8892120257084155,40.10743297864492
2.129759459909744,39.77383217508546
1.6157221283464704,39.57312166888464
1.0988435478522027,39.37331728324449
0.5805835291113577,39.17124438056875
0.06240188280835135,38.96372832326121
-0.20126708842214835,38.869923153144455
-0.7164290799714437,38.64448366918653
-1.228113398724175,38.40761339256824
-1.7352383731925003,38.15856776889228
-2.236722331888503,37.89660224376145
-2.7314836033243375,37.62097226277845
-3.2184405160121368,37.33093327154603
-3.696511398464029,37.02574071566691
-3.9335264104753476,36.85880456092866
-4.395965102503801,36.52908047183671
-4.846837314376893,36.182834818527816
-5.285061374606838,35.81932304660465
-5.49631579015732,35.618579890536424
-5.913077632265065,35.22890931041988
-6.314866411219549,34.82102207300929
-6.702184489731411,34.39576818736982
-6.882258132460796,34.16414477982214
-7.248915220522095,33.71590614672178
-7.60314911311448,33.252900622255595
-7.9457602432749725,32.77620051864048
-8.277549044040668,32.28687814809324
-8.59931594844865,31.786005822830674
-8.744146824246835,31.52106762199594
-9.052382038301612,31.005758267017555
-9.35264295563168,30.481498746994774
-9.645730009274072,29.949361374144495
-9.932443632265908,29.41041846068344
-10.213584257644232,28.865742318828527
-10.48995231844612,28.316405260796543
-10.762348247708665,27.763479598804285
-11.031572478468902,27.208037645068664
-11.298425443763946,26.651151711806396
-11.563707576630847,26.09389411123439
-11.828219310106679,25.537337155569446
-12.09276107722853,24.982553157028363
-12.35813331103344,24.430614427828033
-12.625136444558528,23.882593280185187
-12.894559515672679,23.33950605727474
-13.167101537107147,22.80192693058583
-13.443417896589025,22.270218645106343
-13.724058467992082,21.744563851182036
-14.009369698069285,21.2247995837285
-14.299674799295305,20.71072340345069
-14.595296984144866,20.202132871053454
-14.896559465092691,19.69882554724167
-15.203785454613449,19.200598992720273
-15.517298165181915,18.707250768194065
-15.837420809272741,18.21857843436799
-16.164476599360665,17.734379551946915
-16.49878874792041,17.2544516816357
-16.840680467426637,16.77859238413929
-17.36571427848507,16.069987005760147
-17.727602424450403,15.602916025133172
-18.0982490597669,15.139214113752772
-18.477977396909214,14.678678832323886
-18.86711064835208,14.221107741551386
-19.265972026570225,13.766298402140125
-19.674884744038295,13.31404837479505
-20.094172013231088,12.864155220220962
-20.524156826095584,12.41641694370373
-20.965035613246478,11.970886696539248
-21.416666510947998,11.528299627061083
-22.110848906156022,10.868897331702602
-22.587567490749194,10.439370191929157
-23.073492538330633,10.018096619527402
-23.56748112567884,9.60859298940748
-24.068384502400725,9.21439212882881
-24.827719066310188,8.659773718229896
-25.341359429744152,8.317022545106528
-25.858156616014202,8.001130759504251
-26.376961874727158,7.715631188682526
-27.157942745835282,7.345613208067624
-27.94070772030088,7.059120275760094
-28.459299712615305,6.918941416645426
-29.236855893611853,6.791522001944983
-30.266399684835847,6.803189575383038
-31.023123052083683,6.95264830470148
-31.76822305710681,7.222755556126927
-32.25442951450261,7.444537129565267
-32.7360723215713,7.71039614592261
-33.463770840229714,8.193894160525845
-33.93894978556084,8.544793828948553
-34.41228594294169,8.92436532220993
-34.884572152561944,9.328130151379368
-35.35660125461108,9.75160982752614
-35.8291660892787,10.190325861719582
-36.3030594967544,10.639799765029041
-36.52006418909157,10.886637550183412
-36.99631195174648,11.347661550931123
-37.47592446596992,11.807978105291065
-37.95969457195142,12.2631087243325
-38.448415109880614,12.708574919124837
-38.94287891994702,13.139898200737328
-39.4438780967176,13.552600736879517
-39.671973616767644,13.783659681424428
-40.18319806500293,14.161844301890357
-40.70073901994839,14.513910694319168
-40.93894862679937,14.707931624119936
-41.46512756629572,15.01955420845332
-41.99532227121802,15.30256996764134
-42.24420912861858,15.45535042046096
-42.780915546874965,15.694102686132918
-43.31933698927311,15.90175952955127
-43.57942450742573,16.009306240452702
-44.122231391941256,16.168879904934407
-44.66445255931429,16.29486955005426
-44.936264148421444,16.353189254100418
-45.480744486695144,16.427276034863027
-45.76066290655113,16.45055925381841
-46.3063974368063,16.470389631409358
-46.59465531416775,16.456861580857503
-47.14063298418618,16.420085928355217
-47.680841222666075,16.344717848950054
-47.97895667451904,16.27463405807971
-48.510477409554895,16.143223049857554
-48.806847850415,16.038761164004526
-49.32096492288689,15.853920562103054
-49.81637841343483,15.632659670807637
-50.09610905009822,15.48261581035985
-50.560425836564534,15.211555950892613
-50.81971507862506,15.035114219301185
-51.24430138383305,14.716938857041953
-51.47567067784672,14.517291343842484
-51.85303170466216,14.155653537057482
-52.049002497185,13.935992331785561
-52.37247791995013,13.535252313368833
-52.66052831758939,13.106889790996537
-52.793981909720856,12.862601724884522
-53.02921586631413,12.400929807610677
-53.12550593182836,12.142432499059748
-53.313896466320216,11.650206489043104
-53.47550160825915,11.135911995605912
-53.52568228250061,10.859045782087655
-53.649820467253214,10.318922477907401
-53.7526953649067,9.760277988830058
-53.768329726259104,9.468576820773627
-53.84311413164134,8.888828802952975
-53.90215735537831,8.294106898758656
-53.94757805695339,7.685988426872848
-53.981494895849934,7.066050705977902
-53.965247798795474,6.7574778368671335
-53.98725750227673,6.1251018289109
-54.003285448533305,5.484453870468917
-54.01545029704856,4.837111280223478
-54.02587070730587,4.184651376856849
-54.03666533878863,3.528651479051383
-54.049952850980176,2.8706889054893487
-54.067851903363945,2.212340974853035
-54.067403370186625,1.8971917643127791
-54.09978898192246,1.2409807278203933
-54.142308239304285,0.5879316327771157
-54.197079801815505,-0.06037820213478673
-54.266222328939506,-0.7023714582329288
-54.35184855962059,-1.33649293547898
-54.45595519104726,-1.961620956228311
-54.58031301290513,-2.576964260057389
-54.78084928083931,-3.4824695666719916
-54.953792918008034,-4.0664082570169136
-55.1483545007314,-4.635455664865576
-55.450319108572884,-5.4578115402144896
-55.6973905727777,-5.98330500932763
-56.081739837032835,-6.731460845407022
-56.52189879666793,-7.428433045793464
-57.197700534350076,-8.262034533322986
-57.79075727940129,-8.822090571523301
-58.70611216988425,-9.450405205603326
-59.193529595368325,-9.745895139404185
-59.70495751265923,-10.010650720459216
-60.54398499944661,-10.336121073603962
-61.10528116125863,-10.532876138471334
-61.359196087964776,-10.621569431394972
-61.94270708404727,-10.768070564345036
-62.5384853142871,-10.891915582488275
-63.144289154856864,-10.997319738766121
-63.75787698192917,-11.088498286120007
-64.3770071716765,-11.169666477491349
-64.66892743439902,-11.170240689977941
-65.29636167722566,-11.240615407826105
-65.92447477836718,-11.312178385592011
-66.55102511399608,-11.389144876217072
-67.17377106028496,-11.475730132642738
-67.486905327112,-11.478993592893222
-68.1067072909382,-11.588255047665953
-68.7178396222198,-11.718316469104316
-69.31799086910223,-11.872693762057372
-69.64119702413785,-11.92785930965871
-70.22819815749259,-12.127236114647907
-70.79534902570416,-12.353822221478634
-71.11106271741164,-12.461763212048298
-71.64541169486044,-12.731222368839425
-72.14741473409316,-13.02574062241542
-72.430351219004,-13.181274663267345
-72.87861280136943,-13.514766760640809
-73.12562466003004,-13.699114499837133
-73.50686037146552,-14.06904783755786
-73.70668907983381,-14.279877273623537
-74.00761450627658,-14.683719248241317
-74.14900154031059,-14.918698379701343
-74.35658676309357,-15.353880996413922
-74.43050726705462,-15.610355810967448
-74.47305047693493,-15.875755678608893
-74.55766345300297,-16.34552888832882
-74.54636568512642,-16.62452756291096
-74.5551708129494,-17.112273086539624
-74.5019168811889,-17.399202169082244
-74.44802973072319,-17.89860073571675
-74.36470444895167,-18.18779182723957
-74.26124059015356,-18.69252416597714
-74.15970052467293,-18.97832250212091
-74.0185143926688,-19.48267807034366
-73.90542712887051,-19.76193351938269
-73.72998043287483,-20.264252800207156
-73.52726316264632,-20.767171823997877
-73.29858745975176,-21.2700174849684
-73.16360265801893,-21.53581405076416
-72.90500974324972,-22.03449293765741
-72.62316406443128,-22.531730016293565
-72.47261065682252,-22.787198964085935
-72.16379759119629,-23.278834121616278
-71.83443743013763,-23.76765902545264
-71.48584231521335,-24.253000569808478
-71.11932438799015,-24.734185648897387
-70.94445101358812,-24.971997222739578
-70.55670257872414,-25.44475455439328
-70.15373700017808,-25.911986975343154
-69.73686641951676,-26.373021379802644
-69.54400201038001,-26.596306844934603
-69.11024427419483,-27.04678301527993
-68.66528720451112,-27.48969272369806
-68.21044294289572,-27.92436286440244
-68.00088966675762,-28.132766479001802
-67.53350160173522,-28.5547478989131
-67.05893201339799,-28.967121305673746
-66.57849304331265,-29.36921359349729
-66.3535530679064,-29.56237961574179
-65.86488932924067,-29.94966832444072
-65.37240575773127,-30.325729146786127
-64.87614716571488,-30.690703469942882
-64.37612843632222,-31.044751916115004
-64.13378626020578,-31.218370685978254
-63.62678599287556,-31.557677725301765
-63.116136739913806,-31.886357898184777
-62.60185338445129,-32.20457182683122
-62.08395080961863,-32.51248013344516
-61.56244389854661,-32.81024344023058
-61.03734753436598,-33.09802236939145
-60.7740604675551,-33.24334116363737
-60.24272294808774,-33.517164548262535
-59.70790712725649,-33.78130256580729
-59.16962788819198,-34.035915838475646
-58.62790011402504,-34.28116498847159
-58.0827386878863,-34.51721063799913
-57.534158492906506,-34.74421340926227
-56.98217441221635,-34.96233392446503
-56.69983345646879,-35.0739758576003
-56.14244487175688,-35.2790650789203
-55.581763553079355,-35.47557105472404
-55.01780438356698,-35.663654407215475
-54.45058262611444,-35.84348141457085
-53.880120764745556,-36.015325902017494
-53.3064686861399,-36.17955736378368
-52.729772430256645,-36.3365456223982
-52.15020549627629,-36.48665961931758
-51.56794138560696,-36.63026829592689
-50.98315359965701,-36.76774059361114
-50.39601563983453,-36.899445453755405
-49.806701007547844,-37.02575181774473
-49.21538320420524,-37.14702862696413
-48.622235731214815,-37.26364482279868
-48.02743208998496,-37.375969346633404
-47.43114578192375,-37.484371139853366
-46.83355030843951,-37.5892191438436
-46.23481917094052,-37.69088229998914
-45.63512587083489,-37.789729549675044
-45.034643909530985,-37.886129834286365
-44.43354678843693,-37.980452095208136
-43.832008008961,-38.07306527382541
-43.230201072511505,-38.16433831152321
-42.62829948049655,-38.25464014968662
-42.02647673432449,-38.344339729700636
-41.42490633540345,-38.43380599295033
-40.82376178514171,-38.52340788082077
-40.22321658494758,-38.613514334696944
-39.623444236229176,-38.704494295963954
-39.02461824039484,-38.796716706006805
-38.42691209885268,-38.89055050621056
-37.83049931301101,-38.986364637960264
-37.235553384278134,-39.084528042640954
-36.64224781406214,-39.18540966163769
-36.05075610377139,-39.28937843633548
-35.46125175481401,-39.39680330811942
-34.873908268598285,-39.50805321837452
-34.288899146532515,-39.623497108485836
-33.70639789002483,-39.74350391983842
-32.83804330681346,-39.935862508975816
-32.26224856341693,-40.06899838115693
-31.68956000743937,-40.2079822240686
-31.120151140288954,-40.35318297909584
-30.554195463373944,-40.50496958762372
-29.991866478102565,-40.66371099103727
-29.433337685883025,-40.82977613072154
-28.878782588123606,-41.00353394806157
-28.05317392739365,-41.28525695934825
-27.508953611775063,-41.48000147059805
-26.969238536397352,-41.683618439660364
-26.43409184125406,-41.89630282836866
-25.90357534650561,-42.118247517901985
-25.377750872312554,-42.34964538943933
-24.856680238835235,-42.59068932415975
-24.079559925902103,-42.97804189160728
-23.569828386940152,-43.243547210982
-23.065002285563708,-43.51927940220492
-22.565143441933216,-43.805431346455094
-22.070313676209103,-44.10219592491154
-21.58057480855191,-44.409766018753245
-21.095988659121982,-44.72833450915927
-20.61656112496663,-45.05802643501518
-20.14202686914597,-45.398637791727644
-19.67203843824585,-45.74986495632337
-19.206248360898904,-46.11140428404939
-18.744309165737747,-46.48295213015273
-18.04376406318273,-47.0605214100034
-17.58968994394168,-47.4557941200191
-17.138390429172635,-47.86016657928137
-16.689518047508308,-48.273335143037166
-16.242725203953636,-48.69499525894638
-15.797615894279941,-49.124486988241316
-15.353672379146833,-49.56025669888009
-14.9103580857819,-50.00061249705619
-14.46713644141288,-50.443862488962964
-14.023470873267431,-50.88831478079388
-13.813435149283016,-51.11195241786638
-13.367569357220974,-51.55764164958674
-12.91987288808218,-52.000843583736994
-12.469809169094308,-52.43986632651053
-12.016841627485011,-52.873017984100784
-11.560433690482013,-53.29860666270113
-11.100048785312966,-53.71494046850502
-10.874889208826954,-53.94424183247587
-10.406679312540728,-54.34910800734443
-9.933694321067698,-54.74042290655609
-9.455970647045579,-55.11590395485903
-9.21885786200044,-55.33801473059212
-8.734070087896278,-55.6913631281125
-8.2448758341727,-56.02341603289415
-8.001455691578546,-56.23078866078242
-7.5063076736655425,-56.53255779897262
-7.259979514310343,-56.72562253833269
-6.759692277808577,-56.99213586070057
-6.511493612309625,-57.167306746227155
-6.006935781592485,-57.393637670633126
-5.757904120567069,-57.54732873702089
-5.250970064813226,-57.72941308315376
-5.002142918878687,-57.85803836509737
-4.495644497192441,-57.992583338458125
-4.248059376965979,-58.09255687065233
-3.7448407917848807,-58.176296869616344
-3.4995352078838318,-58.2440326867558
-3.255758458627021,-58.2943049093784
-2.760452124687038,-58.30561424647786
-2.5205111776815334,-58.318269806087756
-2.28287719828319,-58.31077229720181
-1.7996242062934633,-58.24190291418046
-1.567382295072454,-58.191409794323846
-1.338236949938694,-58.11818353524861
-0.871331987299851,-57.96285298398819
-0.6496206075589436,-57.84588602973811
-0.19981785500119176,-57.62979477522853
0.012613786780195424,-57.473213546068635
0.21971304659621715,-57.298375910254364
0.6429661386683279,-57.008757012190515
0.838015608582201,-56.80050802466866
1.235936353695019,-56.46110735605409
1.4170893324115967,-56.223582298959506
1.7860243374497793,-55.83885550560976
1.951434123674019,-55.576189661077194
2.1082798006664034,-55.30250415362621
2.43554988795898,-54.866921038972094
2.5738823205162964,-54.57429766728547
2.8639365308560576,-54.10436736059462
2.981909017683245,-53.79694140680707
3.2310939579548354,-53.29711955389501
3.326859797756755,-52.97902630014141
3.5315220748448666,-52.453768546823675
3.6032345663264067,-52.12914327523886
3.759720787115735,-51.58290526733088
3.878030476610328,-51.019798053221095
3.91020038068296,-50.693128408892264
3.97493021460534,-50.116617456996394
3.9784300171198126,-49.79375400017342
3.988616515286338,-49.210307281042034
3.9594263755432273,-48.621005406775225
3.9164584607921196,-48.311604885213825
3.8320799028085513,-47.72650375808617
3.7558251332615025,-47.43124762936769
3.615473940471374,-46.856949327100054
3.436625187339796,-46.289365359124005
3.307022344720373,-46.02304712081302
3.072743677519869,-45.47654420851053
2.8040154835943483,-44.94240032153294
2.6268364254622427,-44.707151347474294
2.3140991122957093,-44.196506461715856
1.9742897161662143,-43.70145952514598
1.7652444262989684,-43.49223009201143
1.3940556609316646,-43.02222530639888
1.0030692245987207,-42.570378853978795
0.7779151259081043,-42.382084959842004
0.3676964811197531,-41.95364560357878
-0.05574842371506328,-41.54129518597363
-0.2812539083171638,-41.368852828908366
-0.7121533820639485,-40.975840883843446
-1.1497539506177628,-40.59654392112864
-1.3598533982194982,-40.434869099208626
-1.7931308961417511,-40.070841985417445
-2.226584323631577,-39.71815589766848
-2.4055203113211014,-39.56216460896745
-2.8228730286359784,-39.2206797465254
-3.2345210730609395,-38.88804422203231
-3.375672232423672,-38.73098373034775
-3.7876288408482335,-38.40067303781538
-3.932926432286049,-38.23605169860921
-4.3608669164831335,-37.90897238199515
-4.515686896104392,-37.743279051169594
-4.962086350161352,-37.42666171301444
-5.421935874387989,-37.12164912402996
-5.596869034323376,-36.968544096801025
