car_position/0,car_position/1,car_direction/0,car_direction/1,V_x,V_y,V_T
-0.000656128,-4.58E-05,0.023904704,0.999714242,#VALUE!,#VALUE!,#VALUE!
-0.000656128,-4.58E-05,0.023904704,0.999714242,0.012466432,0,0.012466432
-0.000656128,-4.58E-05,0.023904704,0.999714242,0.012466432,0,0.012466432
-0.000656128,-4.58E-05,0.023904704,0.999714242,0.012466432,0,0.012466432
-0.000656128,-4.58E-05,0.023904704,0.999714242,0.012466432,0,0.012466432
-0.000656128,-4.58E-05,0.023904704,0.999714242,0.012466432,0,0.012466432
-0.000656128,-4.58E-05,0.023899138,0.999714375,0.012466432,0,0.012466432
-0.000656128,-4.58E-05,0.02389396,0.999714499,0.012466432,0,0.012466432
-0.000656128,-4.58E-05,0.02389396,0.999714499,0.012466432,0,0.012466432
-0.000656128,-4.58E-05,0.023889712,0.9997146,0.012466432,0,0.012466432
-0.000656128,-4.58E-05,0.02388853,0.999714628,0.012466432,0,0.012466432
-0.000656128,-4.58E-05,0.02388888,0.99971462,0.012466432,0,0.012466432
-0.000656128,-4.58E-05,0.023894589,0.999714484,0.012466432,0,0.012466432
0.000762939,-3.05E-05,0.025027701,0.999686758,0.013885499,0.000305176,0.013888852
0.000549316,-3.05E-05,0.024831603,0.999691648,0.014709464,0,0.014709464
0.00050354,-1.53E-05,0.024828903,0.999691715,0.01048278,0.000305176,0.010487221
0.000549316,-1.53E-05,0.024852421,0.999691131,0.009521484,0,0.009521484
0.000396729,-1.53E-05,0.024634838,0.999696516,0.010589591,0,0.010589591
0.000289917,-1.53E-05,0.024591908,0.999697573,0.007644663,0,0.007644663
0.000350952,-1.53E-05,0.024591908,0.999697573,0.005447388,0,0.005447388
0.000350952,-1.53E-05,0.024633795,0.999696542,0.006668088,0,0.006668088
0.000350952,-1.53E-05,0.024652088,0.999696091,0.006668088,0,0.006668088
0.000350952,-1.53E-05,0.024652088,0.999696091,0.006668088,0,0.006668088
0.000350952,-3.05E-05,0.024603084,0.999697298,0.006668088,0.000305176,0.006675068
0.000335693,-6.10E-05,0.024584254,0.999697762,0.006683347,0.000610352,0.006711159
0.000335693,-7.63E-05,0.024603747,0.999697282,0.006378167,0.000305174,0.006385464
0.000335693,-7.63E-05,0.024608182,0.999697173,0.006378167,0,0.006378167
0.000335693,-7.63E-05,0.024613722,0.999697036,0.006378167,0,0.006378167
0.000335693,-7.63E-05,0.02465082,0.999696122,0.006378167,0,0.006378167
0.000320435,0.00038147,0.024645377,0.999696257,0.006393425,0.009155278,0.011166691
0.000900269,0.01802063,0.024867869,0.999690747,0.005508431,0.3527832,0.352826202
0.002960205,0.080932617,0.025239972,0.999681421,0.015045175,1.25823974,1.258329687
0.006744385,0.195358276,0.025948655,0.999663277,0.052459715,2.28851318,2.28911437
0.012374878,0.360900879,0.026961954,0.99963646,0.122512822,3.31085206,3.313117981
0.01991272,0.576705933,0.028229219,0.999601476,0.22758484,4.31610108,4.322097106
0.029525757,0.842010498,0.029742015,0.999557608,0.368728643,5.3060913,5.318887637
0.042251587,1.190490723,0.031238914,0.999511946,0.548263553,6.9696045,6.991135803
0.053848267,1.519287109,0.032006943,0.999487647,0.791183473,6.57592772,6.623352374
0.067749023,1.930435181,0.032330414,0.999477236,1.009216317,8.22296144,8.284661274
0.083129883,2.389602661,0.032598869,0.999468516,1.271850577,9.1833496,9.271003924
0.100189209,2.896484375,0.032788624,0.999462309,1.562408451,10.13763428,10.2573266
0.119003296,3.450881958,0.033056007,0.999453501,1.884780884,11.08795166,11.24700276
0.139556885,4.0496521,0.033426196,0.999441189,2.240509035,11.97540284,12.18319145
0.161422729,4.683166504,0.033643616,0.999433893,2.629714971,12.67028808,12.94030915
0.1847229,5.350799561,0.03388239,0.999425827,3.04373168,13.35266114,13.6951766
0.210220337,6.052642822,0.03480778,0.999394026,3.484237663,14.03686522,14.46283158
0.238998413,6.788726807,0.036863906,0.999320295,3.965408327,14.7216797,15.24638699
0.273574829,7.558944702,0.04093004,0.999162015,4.506393431,15.4043579,16.04997894
0.314437866,8.363540649,0.045934084,0.998944473,5.157058714,16.09191894,16.89808006
0.35585022,9.117218018,0.050193128,0.998739531,5.9329071,15.07354738,16.19911162
0.410140991,10.07667542,0.053479411,0.998568952,6.706863409,19.18914804,20.32745482
0.463851929,10.98574829,0.056376945,0.998409555,7.738967891,18.1814574,19.75998525
0.522598267,11.93023682,0.059720057,0.998215165,8.754440313,18.8897706,20.81979007
0.587936401,12.9105072,0.063816886,0.997961625,9.864028939,19.6054076,21.94700604
0.660385132,13.92651367,0.068669424,0.997639469,11.09834289,20.3201294,23.15342035
0.741546631,14.97781372,0.074179088,0.997244936,12.46615601,21.026001,24.44376738
0.831314087,16.06524658,0.080014752,0.996793679,13.99961853,21.7486572,25.8649069
0.929763794,17.1867981,0.085163248,0.996367011,15.69651795,22.4310304,27.37757843
1.036453247,18.34158325,0.090268808,0.995917437,17.55882263,23.095703,29.01247575
1.15246582,19.52990723,0.095517184,0.995427781,19.57659912,23.7664796,30.79105042
1.278503418,20.75205994,0.101021426,0.99488425,21.77081298,24.4430542,32.73272363
1.414535522,22.00718689,0.106498094,0.994312906,24.15553284,25.102539,34.83715303
1.560348511,23.290802,0.112073089,0.993699966,26.73036193,25.6723022,37.06183143
1.710800171,24.54902649,0.117848602,0.993031574,29.49617005,25.1644898,38.77209814
1.872009277,25.76170349,0.13177014,0.991280299,32.34399414,24.25354,40.42731947
2.07131958,26.95335388,0.166919356,0.985970552,35.36886596,23.8330078,42.64937209
2.349517822,28.112854,0.238662642,0.97110254,39.07687378,23.1900024,45.43983138
2.734298706,29.22099304,0.337159433,0.941447564,44.25605773,22.1627808,49.49532805
3.288009644,30.35699463,0.455078066,0.890451545,51.39796448,22.7200318,56.19564571
3.839691162,31.20669556,0.55649883,0.830848393,61.92050172,16.9940186,64.21016431
4.625946045,32.12724304,0.676356927,0.736574034,72.1678772,18.4109496,74.47929621
5.347991943,32.77035522,0.762406091,0.647098873,87.17092896,12.8622436,88.11474431
6.217269897,33.35694885,0.842805731,0.538217892,100.742569,11.7318726,101.4233801
7.140991211,33.80349731,0.907884671,0.419220019,117.2044067,8.9309692,117.5441839
8.111495972,34.12275696,0.951803485,0.306708537,134.7083282,6.385193,134.8595728
9.13067627,34.32879639,0.979582507,0.201042563,153.0992432,4.1207886,153.1546903
10.18762207,34.42169189,0.995611045,0.093587645,172.4259033,1.85791,172.4359126
11.25244141,34.38949585,0.999653805,-0.026311027,192.5,0.6439208,192.501077
12.28833008,34.22885132,0.987847051,-0.155429095,212.7604981,3.2128906,212.7847556
13.27552795,33.9380188,0.959506523,-0.281686407,232.4910737,5.8166504,232.5638251
14.31001282,33.48193359,0.913564732,-0.40669335,251.2005462,9.1217042,251.3661073
15.21051025,32.94444275,0.860588025,-0.50930173,270.9897462,10.7498168,271.2028781
16.06869507,32.30021667,0.801884395,-0.59747922,288.1415099,12.8845216,288.4294379
16.87200928,31.55337524,0.733622498,-0.679557232,304.5018921,14.9368286,304.8680225
17.54876709,30.80404663,0.668114782,-0.744058222,319.8914185,14.9865722,320.2422786
18.3184967,29.79910278,0.601145769,-0.79913939,332.6568451,20.098877,333.2634715
18.96772766,28.81040955,0.545102637,-0.838369319,347.4022063,19.7738646,347.9645078
19.59080505,27.76620483,0.508946714,-0.860798026,359.7637482,20.8840944,360.3693937
20.1914978,26.66999817,0.477260967,-0.878761611,371.6246032,21.9241332,372.2707527
20.70826721,25.63949585,0.445549192,-0.895257459,383.1216888,20.6100464,383.6756474
21.25738525,24.44746399,0.412475088,-0.910968881,392.907959,23.8406372,393.6305885
21.82817078,23.08123779,0.377319025,-0.92608334,403.3195342,27.324524,404.2440801
22.26705933,21.92112732,0.347942372,-0.937515923,414.2963563,23.2022094,414.9455547
22.75964355,20.45263672,0.306220107,-0.951960738,422.5815431,29.369812,423.6009282
23.10646057,19.22091675,0.258372111,-0.966045471,432.0864104,24.6343994,432.7880771
23.40763855,17.70326233,0.161594075,-0.986857312,438.7215729,30.3530884,439.7703133
23.53302002,16.329422,0.04163507,-0.999132885,444.619751,27.4768066,445.4679538
23.51681519,15.11500549,-0.075813824,-0.997121991,447.1435852,24.2883302,447.8027566
23.33055115,13.68145752,-0.218110669,-0.975924042,447.0057527,28.6709594,447.9242869
23.00054932,12.44885254,-0.350752922,-0.936468039,443.6104737,24.6520996,444.2949227
22.59013367,11.41233826,-0.453873539,-0.891066109,437.4208527,20.7302856,437.9118029
21.95124817,10.25285339,-0.564482924,-0.825444746,429.8514252,23.1896974,430.4764916
21.25204468,9.294692993,-0.649369697,-0.760472877,417.7729187,19.16320794,418.2121951
20.45535278,8.441329956,-0.717791225,-0.696258398,404.5855408,17.06726074,404.9453682
19.60830688,7.663299561,-0.750339973,-0.661052135,389.4987487,15.5606079,389.8094506
18.75753784,6.906219482,-0.750596974,-0.660760307,373.4085998,15.14160158,373.7154673
18.01023865,6.219223022,-0.738145546,-0.674641499,357.1405182,13.7399292,357.4047221
17.22886658,5.423736572,-0.701461245,-0.7127076,342.9759064,15.909729,343.3447129
16.51911926,4.583145142,-0.645989121,-0.763346616,328.0582123,16.8118286,328.4887034
15.89492798,3.696350098,-0.576797208,-0.816887374,314.4874572,17.73590088,314.987179
15.37124634,2.765975952,-0.492758941,-0.870165861,302.5273133,18.60748292,303.0990163
14.95368958,1.794891357,-0.398756041,-0.917057043,292.4712372,19.4216919,293.1153812
14.63760376,0.776077271,-0.302193519,-0.953246598,284.4361878,20.37628172,285.1651062
14.43721008,-0.275009155,-0.193201015,-0.981159196,278.3148651,21.02172852,279.1076445
14.36683655,-1.326004028,-0.07010442,-0.997539658,274.3773651,21.01989746,275.1813485
14.42741394,-2.364379883,0.057022055,-0.998372919,272.9093171,20.7675171,273.6983469
14.61155701,-3.395812988,0.174369775,-0.984680243,273.9367218,20.6286621,274.7123391
14.90480042,-4.404434204,0.2748773,-0.961479313,277.3263398,20.17242432,278.0590323
15.2946167,-5.366043091,0.369559305,-0.929207146,282.8013917,19.23217774,283.4545886
15.78514099,-6.261276245,0.472334147,-0.881419567,290.107193,17.90466308,290.6591825
16.3160553,-6.989044189,0.574221557,-0.818699947,299.3867645,14.55535888,299.7403764
17.06947327,-7.757827759,0.696781021,-0.71728391,309.2516327,15.3756714,309.633628
17.83778381,-8.327957153,0.796035015,-0.605250572,323.5516816,11.40258788,323.7525439
18.58886719,-8.73765564,0.868754626,-0.495242768,338.166809,8.19396974,338.2660667
19.57807922,-9.116958618,0.932997727,-0.35988226,352.1992646,7.58605956,352.2809536
20.5362854,-9.353713989,0.969526271,-0.244987367,371.025299,4.73510742,371.055513
21.54486084,-9.504730225,0.98788778,-0.155170016,389.1808472,3.02032472,389.1925669
22.58448792,-9.628692627,0.992211596,-0.12456383,408.3127289,2.47924804,408.3202557
23.61364746,-9.825958252,0.98282019,-0.184565637,428.0761109,3.9453125,428.0942913
24.61082458,-10.10760498,0.964087065,-0.265586389,447.6621246,5.63293456,447.6975628
25.60049438,-10.40734863,0.957521514,-0.288361838,466.6159972,5.994873,466.6545054
26.61196899,-10.70646667,0.958692346,-0.284445049,485.3979186,5.9823608,485.4347825
27.64320374,-11.0068512,0.959771946,-0.280780718,504.5961761,6.0076906,504.6319384
28.6685791,-11.31861877,0.956953679,-0.290240686,524.1954957,6.2353514,524.2325794
29.68254089,-11.63951111,0.953968017,-0.299908357,543.6890411,6.4178468,543.7269188
30.69767761,-11.9263916,0.961907495,-0.273375147,562.9531402,5.7376098,562.9823782
31.41189575,-12.08642578,0.97246501,-0.233048933,582.5416565,3.2006836,582.5504492
32.639328,-12.27217102,0.988919813,-0.148450675,595.598587,3.7149048,595.6101723
33.8601532,-12.32266235,0.999202526,-0.03992883,618.9264068,1.0098266,618.9272306
34.75801086,-12.25018311,0.998018585,0.062919826,642.4450531,1.4495848,642.4466885
35.81677246,-12.02801514,0.980007136,0.198962343,659.3434447,4.4433594,659.3584166
36.64872742,-11.74285889,0.9525031,0.30452889,679.6867218,5.703125,679.7106483
37.54721069,-11.32171631,0.912733542,0.408555359,695.4273377,8.4228516,695.4783436
38.41938782,-10.79904175,0.865549322,0.500823693,712.524826,10.4534912,712.6015037
39.25268555,-10.17547607,0.807524455,0.58983409,729.1350709,12.4713136,729.2417193
40.02740479,-9.454360962,0.736812314,0.676097341,745.0263062,14.42230216,745.1658874
40.71046448,-8.654418945,0.651842162,0.758354663,759.8376313,15.99884034,760.0060453
41.28779602,-7.786224365,0.555336044,0.831626045,772.9214936,17.3638916,773.1165113
41.76919556,-6.846847534,0.457119699,0.889405184,783.9867248,18.78753662,784.2118057
42.15788269,-5.839660645,0.361309554,0.932445927,793.2260285,20.14373778,793.4817594
42.45606995,-4.77507019,0.270262413,0.962786699,800.7015839,21.2918091,800.9846238
42.66619873,-3.661773682,0.184045314,0.98291776,806.4552003,22.26593016,806.7625188
42.79071045,-2.507354736,0.103456983,0.994633929,810.5332642,23.08837892,810.8620385
42.83714294,-1.317626953,0.03325628,0.999446857,812.9770661,23.79455566,813.3252061
42.82931519,-0.105331421,-0.012703185,0.999919311,813.9135436,24.24591064,814.2745978
42.80441284,1.184066772,-0.023747586,0.999717986,813.781891,25.78796386,814.1903863
42.81723022,2.185577393,0.007349072,0.999972995,813.2710266,20.03021242,813.5176532
42.90643311,3.278060913,0.078681679,0.996899791,813.4381713,21.8496704,813.7315691
43.09342957,4.342025757,0.170199658,0.985409598,815.0352326,21.27929688,815.3129699
43.38206482,5.366912842,0.267820926,0.963468708,818.4865266,20.4977417,818.7431536
43.77209473,6.340301514,0.367553561,0.930002355,823.8692017,19.46777344,824.0991783
44.26815796,7.254440308,0.470773776,0.882253961,831.1737366,18.28277588,831.3747894
44.8731842,8.114227295,0.571219861,0.820797095,840.489975,17.19573974,840.665862
45.57911682,8.895629883,0.666293821,0.745689308,851.8845672,15.62805176,852.0279055
46.36912537,9.564468384,0.762154055,0.647395703,865.213211,13.37677002,865.3166117
47.22491455,10.1134491,0.842758249,0.538292238,880.1575929,10.97961432,880.2260733
48.13845825,10.55769348,0.897591992,0.440827195,896.3598328,8.8848876,896.403866
49.1133728,10.91343689,0.936128482,0.351658165,913.6557922,7.1148682,913.6834944
50.14326477,11.18595886,0.964403196,0.264436145,932.1241912,5.4504394,932.1401264
51.22128296,11.38299561,0.982794344,0.184703214,951.6440124,3.940735,951.6521716
52.33802795,11.49153137,0.995083528,0.099039246,972.0876313,2.1707152,972.0900549
53.46632385,11.49241638,0.999999907,-0.000430508,993.2942352,0.0177002,993.2942353
54.5750885,11.37887573,0.994174197,-0.107785276,1014.751389,2.270813,1014.753929
55.64468384,11.13742065,0.974093053,-0.226147571,1035.857086,4.8291016,1035.868343
56.65769958,10.77368164,0.937121693,-0.349002768,1056.235977,7.2747802,1056.261029
57.59587097,10.29069519,0.882940085,-0.469485682,1075.558121,9.659729,1075.601497
58.45117188,9.70022583,0.816369416,-0.577530066,1093.466248,11.8093872,1093.530016
59.23199463,9.007415771,0.745248368,-0.666786975,1109.791443,13.85620118,1109.87794
59.93188477,8.225585938,0.669132948,-0.743142717,1124.708008,15.63659666,1124.816699
60.53276062,7.380737305,0.583059011,-0.812429806,1138.104935,16.89697266,1138.230359
61.04135132,6.479705811,0.495737504,-0.86847241,1149.613861,18.02062988,1149.755092
61.46228027,5.514144897,0.40532623,-0.91417211,1159.364746,19.31121828,1159.525566
61.79275513,4.489318848,0.31248537,-0.949922573,1167.45285,20.49652098,1167.632761
62.02207947,3.414276123,0.210684554,-0.9775541,1173.833023,21.5008545,1174.02992
62.1424408,2.301467896,0.096628728,-0.995320496,1178.299149,22.25616454,1178.509321
62.14916992,1.161376953,-0.014482381,-0.999895125,1180.699646,22.80181886,1180.919801
62.04374695,0.002593994,-0.114329519,-0.993442883,1180.939651,23.17565918,1181.167038
61.86100769,-1.181518555,-0.166715678,-0.986005012,1179.013931,23.68225098,1179.251754
61.63883972,-2.392120361,-0.18493221,-0.98275128,1175.581314,24.21203612,1175.830621
61.37730408,-3.628158569,-0.209528161,-0.977802613,1171.39949,24.72076416,1171.66031
61.05989075,-4.883056641,-0.250630353,-0.968082861,1166.486191,25.09796144,1166.756162
60.679245,-6.151992798,-0.295941879,-0.955205949,1160.51857,25.37872314,1160.796033
60.23129272,-7.430160522,-0.341188225,-0.939994998,1153.353607,25.56335448,1153.63687
59.7071991,-8.696258545,-0.396666527,-0.91796278,1144.918655,25.32196046,1145.198642
59.09687805,-9.910705566,-0.469729634,-0.882810325,1135.047104,24.28894042,1135.306954
58.3944397,-11.04896545,-0.551754808,-0.834006374,1123.543121,22.76519768,1123.773732
57.59971619,-12.10266113,-0.629762097,-0.776788067,1110.289078,21.0739136,1110.489057
56.71128845,-13.0836792,-0.695005138,-0.71900477,1095.283035,19.6203614,1095.458756
55.73342896,-14.00465393,-0.748730796,-0.662874193,1078.49234,18.4194946,1078.649621
54.67524719,-14.8734436,-0.788192156,-0.61542922,1059.993332,17.3757934,1060.135738
53.55438232,-15.706604,-0.811579713,-0.584241705,1039.950561,16.663208,1040.084051
52.39547729,-16.5375061,-0.816177839,-0.577800775,1018.692169,16.618042,1018.827706
51.20832825,-17.37872314,-0.817386667,-0.576089434,996.7012176,16.8243408,996.8432051
49.97747803,-18.20429993,-0.834263849,-0.551365424,974.189087,16.5115358,974.329004
48.69113159,-18.98881531,-0.861793559,-0.507259167,950.858429,15.6903076,950.9878747
47.34735107,-19.71704102,-0.888455649,-0.458962482,926.4752807,14.5645142,926.5897533
45.94845581,-20.38293457,-0.911455131,-0.411399495,900.9985656,13.317871,901.0969875
44.49960327,-20.98736572,-0.931123723,-0.364703458,874.4695129,12.088623,874.5530652
43.00299072,-21.52815247,-0.947943585,-0.318438314,846.9890747,10.815735,847.0581283
41.46459961,-22.00837708,-0.960420688,-0.278553588,818.5952148,9.6044922,818.6515571
39.89077759,-22.44378662,-0.967752833,-0.251901674,789.4012146,8.7081908,789.4492449
38.28929138,-22.86021423,-0.969621464,-0.244610338,759.5262604,8.3285522,759.5719222
36.82778931,-23.229599,-0.969924474,-0.24340607,728.9580383,7.3876954,728.995473
35.01548767,-23.67207336,-0.972083077,-0.234636936,701.5402985,8.8494872,701.5961117
33.34251404,-24.05747986,-0.97604207,-0.217581887,666.9672394,7.70813,667.0117792
31.64151001,-24.40638733,-0.982233712,-0.187661757,635.2087708,6.9781494,635.2470992
29.91262817,-24.69120789,-0.990145401,-0.140043156,602.917572,5.6964112,602.9444815
28.15852356,-24.89070129,-0.996746447,-0.080600993,570.0940398,3.989868,570.1080014
26.39625549,-25.00445557,-0.999569538,-0.029338365,536.7742157,2.2750856,536.7790371
24.64979553,-25.03097534,-0.999826351,0.018635104,503.2753143,0.5303954,503.2755938
22.92874146,-24.9644165,-0.997306329,0.073349067,470.0671691,1.3311768,470.069054
21.23838806,-24.80482483,-0.991460066,0.130410651,437.3364411,3.1918334,437.3480885
19.58035278,-24.56700134,-0.984818964,0.173584587,405.1874084,4.7564698,405.2153254
17.95530701,-24.26344299,-0.978221579,0.207563344,373.6517486,6.071167,373.7010681
16.36238098,-23.90238953,-0.970622164,0.240608843,342.7437592,7.2210692,342.819819
14.80726624,-23.47697449,-0.958606878,0.28473295,312.4403534,8.5083008,312.5561799
13.29956055,-22.97215271,-0.938657309,0.344851354,282.8457643,10.0964356,283.0259076
11.84786987,-22.38063049,-0.912296881,0.409529487,254.1433411,11.8304444,254.4185474
10.46034241,-21.70327759,-0.882028669,0.471195743,226.497055,13.547058,226.9018261
9.145431519,-20.93849182,-0.844767197,0.535133986,200.0614167,15.2957154,200.6452824
7.797943115,-19.99514771,-0.793967275,0.607960497,175.1106873,18.8668822,176.1241381
6.67767334,-19.04386902,-0.731910734,0.681400526,149.281189,19.0255738,150.4886901
5.763839722,-18.11825562,-0.669079947,0.743190437,127.7896271,18.512268,129.1235565
4.854904175,-17.0244751,-0.598954638,0.800782955,110.4218903,21.8756104,112.5679181
4.05128479,-15.87670898,-0.539572125,0.841939381,93.04679871,22.9553224,95.83659832
3.343490601,-14.68862915,-0.488797865,0.87239707,77.6822052,23.7615966,81.23508157
2.699813843,-13.47267151,-0.453936234,0.891034172,64.16999818,24.3191528,68.62368293
2.120559692,-12.2129364,-0.405790721,0.913966023,51.87571717,25.1947022,57.67029609
1.627212524,-10.90489197,-0.335278445,0.942119082,40.78398132,26.1608886,48.45333037
1.239120483,-9.568008423,-0.25302212,0.967460494,31.30513,26.73767094,41.16933581
0.944747925,-8.203414917,-0.184790173,0.982777997,23.83766174,27.29187012,36.23644977
0.716552734,-6.804016113,-0.143167153,0.989698523,18.17840577,27.98797608,33.37336125
0.544204712,-5.368682861,-0.106990853,0.994260005,13.78684997,28.70666504,31.84571949
0.418869019,-3.902282715,-0.075213014,0.99716749,10.46522522,29.32800292,31.13924685
0.32723999,-2.405838013,-0.053772162,0.998553231,8.05014039,29.92889404,30.99263556
0.246917725,-0.881088257,-0.050478975,0.998725124,6.297882075,30.49499512,31.13852993
0.183456421,0.671463013,-0.038265834,0.999267595,4.754898079,31.0510254,31.41297875
0.149291992,2.251083374,-0.015383604,0.999881665,3.519836428,31.59240722,31.78788201
0.142959595,3.857269287,0.003105835,0.999995177,2.842880245,32.12371826,32.24926732
0.162826538,5.488174438,0.018233589,0.999833754,2.696365362,32.61810302,32.72936038
0.2134552,7.30960083,0.033942735,0.999423779,3.04307556,36.42852784,36.5554093
0.27822876,8.819992065,0.047922191,0.998851072,3.99087524,30.2078247,30.47030946
0.378234863,10.51792908,0.06615989,0.997809034,5.186340337,33.9587403,34.35249873
0.503814697,12.23617554,0.079483874,0.996836152,7.060882563,34.3649292,35.08282231
0.663284302,14.15042114,0.08752853,0.996162013,9.413009638,38.284912,39.42510922
0.80758667,15.73013306,0.09369817,0.995600649,12.45809937,31.5942384,33.96174524
0.980102539,17.47775269,0.101290999,0.994856841,15.17163086,34.9523926,38.10312496
1.159301758,19.16862488,0.108763039,0.994067705,18.44274902,33.8174438,38.51953396
1.320388794,20.5874939,0.116078263,0.99324007,21.86564637,28.3773804,35.82432427
1.511154175,22.16419983,0.123289667,0.992370726,24.89662171,31.5341186,40.17763567
1.67388916,23.44845581,0.127212919,0.991875432,28.54919434,25.6851196,38.40288878
1.828781128,24.62815857,0.130060101,0.991506112,31.64900207,23.5940552,39.47579984
1.984283447,25.77174377,0.133871404,0.990998712,34.59133911,22.871704,41.46897136
2.156478882,26.89932251,0.150298641,0.988640642,37.52919006,22.5515748,43.78371424
2.384078979,28.00332642,0.201684798,0.97945048,40.74549866,22.0800782,46.34355958
2.713119507,29.06217957,0.296928141,0.954899827,44.96846007,21.177063,49.70543631
3.158920288,30.05151367,0.412445819,0.910982133,51.10346985,19.786682,54.80034138
3.719238281,30.9498291,0.536985237,0.84359164,59.45916748,17.9663086,62.11425635
4.384246826,31.73738098,0.658516308,0.752566457,70.00051879,15.7510376,71.75073391
4.675811768,32.01771545,0.703941734,0.710257724,83.00912475,5.6066894,83.19825574
5.786422729,32.85536194,0.823373785,0.567499436,87.72981263,16.7529298,89.31506413
6.665008545,33.33045959,0.879114093,0.476611385,109.063446,9.501953,109.4765837
8.310089111,33.92242432,0.948567302,0.316575543,124.9900818,11.8392946,125.5495497
9.853805542,34.18678284,0.989065961,0.147473811,156.3479767,5.2871704,156.4373484
10.8760376,34.19108582,0.999964797,0.008390761,186.2000732,0.0860596,186.2000931
11.86584473,34.0539093,0.989822461,-0.142307752,205.6549073,2.7435304,205.6732064
12.80677795,33.78041077,0.959376367,-0.282129379,224.5101167,5.4699706,224.576742
13.61891174,33.43009949,0.922366315,-0.386316425,242.5166473,7.0062256,242.6178299
14.40289307,32.98867798,0.876208625,-0.481931993,257.9753417,8.8284302,258.1263608
15.40605164,32.26887512,0.810536503,-0.585688123,272.6518098,14.3960572,273.0316023
16.20849609,31.5753479,0.760785212,-0.649003745,291.9125367,13.8705444,292.241888
16.90019226,30.88052368,0.712059394,-0.702119234,307.2697295,13.8964844,307.583808
17.70510864,29.94827271,0.652441761,-0.757838867,320.2987366,18.6450194,320.8409534
18.3218689,29.11825562,0.598724435,-0.800955086,335.7803039,16.6003418,336.1903982
19.02334595,28.02641296,0.534738023,-0.845017897,347.4140321,21.8368532,348.0996378
19.69192505,26.86663818,0.493860178,-0.86954133,360.774994,23.1954956,361.519885
20.2749176,25.75857544,0.462359306,-0.886692659,373.5635834,22.1612548,374.2203523
20.83329773,24.60092163,0.430020621,-0.902819066,384.6650543,23.1530762,385.3612187
21.36251831,23.39379883,0.395536913,-0.918450081,395.3034363,24.142456,396.0399789
21.818573,22.26861572,0.37087599,-0.9286824,405.4317932,22.5036622,406.0558505
22.30253601,20.9810791,0.345733466,-0.938332761,414.068924,25.7507324,414.8688637
22.73382568,19.70239258,0.310125401,-0.950695659,423.3168945,25.5737304,424.0886804
23.06152344,18.47454834,0.239853159,-0.970809179,431.6149902,24.5568848,432.313012
23.26330566,17.25550842,0.139622692,-0.990204779,437.9671631,24.3807984,438.6452545
23.32670593,16.04518127,0.022744276,-0.999741316,441.9394073,24.206543,442.6018486
23.24493408,14.86286926,-0.103409735,-0.994638842,443.2891845,23.6462402,443.9194136
23.0168457,13.7277832,-0.236014864,-0.971749445,441.8818359,22.7017212,442.4646032
22.64439392,12.65415955,-0.367552399,-0.930002814,437.6925201,21.472473,438.2189056
22.14242554,11.63829041,-0.478457054,-0.878110954,430.7454529,20.3173828,431.2243514
21.45350647,10.57730103,-0.57328523,-0.819355872,421.3950043,21.2197876,421.9289384
20.80024719,9.744415283,-0.632398306,-0.77464339,408.2698822,16.65771494,408.6095645
20.00515747,8.837692261,-0.666934073,-0.74511673,395.9997863,18.13446044,396.4147947
19.17114258,7.925323486,-0.676412969,-0.736522569,380.9320068,18.2473755,381.3687986
18.31813049,6.986557007,-0.67271407,-0.739902548,365.1047211,18.77532958,365.5871584
17.47883606,6.002151489,-0.64642526,-0.762977315,348.8837737,19.68811036,349.4388491
16.72146606,4.959228516,-0.576891663,-0.816820671,332.8552551,20.85845946,333.5081651
16.08963013,3.863113403,-0.4753323,-0.879806345,318.3396911,21.92230226,319.0936324
15.5574646,2.610107422,-0.346048886,-0.938216483,306.235138,25.06011962,307.2587986
15.24645996,1.563064575,-0.24432123,-0.969694352,295.902832,20.94085694,296.6428922
15.02096558,0.390975952,-0.153500106,-0.988148631,289.9082336,23.44177246,290.854432
14.91760254,-0.778869629,-0.069199679,-0.997602829,285.5017091,23.39691162,286.4587952
14.92770386,-1.935592651,0.018911816,-0.999821156,283.4243469,23.13446044,284.3669525
15.03144836,-3.046768188,0.099726245,-0.995014913,283.5226288,22.22351074,284.392274
15.22607422,-4.096313477,0.184845516,-0.98276759,285.402893,20.99090578,286.1737749
15.52861023,-5.101226807,0.284405495,-0.958704081,288.9928742,20.0982666,289.6909071
15.94210815,-6.046112061,0.393868325,-0.919166874,294.6300965,18.89770508,295.235528
16.46826172,-6.908416748,0.513027099,-0.858372411,302.3739013,17.24609374,302.8653231
17.09941101,-7.666671753,0.633177375,-0.774006726,312.2658234,15.1651001,312.6338509
17.82017517,-8.303421021,0.744464587,-0.66766195,324.168045,12.73498536,324.4180964
18.61022949,-8.805496216,0.83913643,-0.543920999,337.7932739,10.0415039,337.9424917
19.44664001,-9.163314819,0.91343718,-0.406979751,352.7579498,7.15637206,352.8305327
20.30769348,-9.373458862,0.965585081,-0.260087391,368.6251067,4.20288086,368.6490655
21.18774414,-9.44921875,0.993416633,-0.114557383,384.9661255,1.51519776,384.9691073
22.09306335,-9.420303345,0.999995045,0.003148149,401.6618195,0.5783081,401.6622358
23.01924133,-9.361953735,0.998937183,0.046092343,418.8420257,1.1669922,418.8436514
23.94485474,-9.37121582,0.999997848,-0.002074403,436.4399719,0.1852417,436.4400112
24.84677124,-9.493209839,0.994235518,-0.107218165,454.0503236,2.43988038,454.056879
25.7154541,-9.729675293,0.973482075,-0.228763305,471.2199707,4.72930908,471.2437025
26.56240845,-10.06916809,0.940499443,-0.339795228,487.7466736,6.78985594,487.7939316
27.31469727,-10.451828,0.906169363,-0.422914986,503.9334717,7.6531982,503.9915826
28.22900391,-10.99790955,0.867094007,-0.49814454,518.0649415,10.921631,518.1800514
29.07368469,-11.53749084,0.848388993,-0.529373324,535.5063935,10.7916258,535.6151199
29.96801758,-12.04934692,0.866899163,-0.498483541,551.5056762,10.2371216,551.6006794
30.91133118,-12.47103882,0.909284826,-0.416174369,568.4490204,8.433838,568.5115816
31.98143005,-12.78149414,0.95972045,-0.280956682,586.2451936,6.2091064,586.2780739
32.86251831,-12.90264893,0.988802158,-0.149232347,606.7660827,2.4230958,606.7709209
33.82496643,-12.89530945,0.99999373,0.00354118,623.4253998,0.1467896,623.4254171
34.84095764,-12.72169495,0.98546506,0.169878237,641.658371,3.47229,641.6677659
35.63887024,-12.46162415,0.955439502,0.295186988,661.1802826,5.201416,661.2007417
36.49758911,-12.06199646,0.910183929,0.414204317,676.2798157,7.9925538,676.3270437
37.32447815,-11.55323792,0.856544172,0.516073717,692.6273041,10.1751708,692.7020401
38.11868286,-10.94523621,0.802352825,0.596850018,708.3708801,12.1600342,708.4752432
38.88284302,-10.25608826,0.749666463,0.661815831,723.4908142,13.782959,723.6220893
39.61703491,-9.490859985,0.697975545,0.716121595,738.0398255,15.3045655,738.1984921
40.32977295,-8.662216187,0.654966441,0.755657965,752.0109253,16.57287596,752.1935203
41.00198364,-7.762161255,0.599773426,0.80016988,765.5934754,18.00109864,765.8050725
41.60177612,-6.782226563,0.520408943,0.853917169,778.4378967,19.59869384,778.6845753
42.11114502,-5.725708008,0.426226551,0.904616453,789.9243774,21.1303711,790.2069441
42.51937866,-4.602005005,0.324859369,0.945762333,799.7035217,22.47406006,800.0192536
42.81916809,-3.422943115,0.220450637,0.975398132,807.5684051,23.5812378,807.9126213
42.99453735,-2.323913574,0.129765357,0.99154473,813.3888245,21.98059082,813.6857662
43.09593201,-0.811233521,0.024781439,0.999692893,816.794815,30.25360106,817.3549108
43.09326172,0.350982666,-0.022210949,0.999753306,818.8253785,23.24432374,819.155235
43.07873535,1.644042969,-0.018312219,0.999832317,818.7864991,25.86120606,819.1948077
43.12142944,2.922958374,0.038704809,0.999250688,818.4532776,25.5783081,818.8528668
43.24949646,4.180404663,0.114008809,0.993479739,819.1790923,25.14892578,819.5650394
43.4793396,5.405563354,0.200159864,0.979763251,821.5105896,24.50317382,821.8759361
43.87640381,6.688354492,0.321776226,0.946815748,825.7103882,25.65582276,826.1088708
44.3177948,7.666763306,0.432567798,0.901601409,833.2102814,19.56817628,833.4400318
44.91975403,8.661880493,0.553489977,0.832855837,841.436142,19.90234374,841.6714824
45.62600708,9.543457031,0.659471936,0.751729183,852.7690735,17.63153076,852.9513255
46.42373657,10.29656982,0.755107902,0.655600531,866.096405,15.06225578,866.2273687
47.29205322,10.91294861,0.833331805,0.552773103,881.1826782,12.3275758,881.2689042
48.21330261,11.38447571,0.897553521,0.440905519,897.6277618,9.430542,897.6772994
49.18019104,11.71734619,0.946654114,0.322251436,915.0858612,6.6574096,915.1100777
50.19430542,11.93740845,0.976187744,0.216927382,933.4095154,4.4012452,933.4198918
51.35678101,12.04888916,0.995159737,0.098270538,952.5293274,2.2296142,952.5319368
52.33503723,12.04243469,0.999991578,0.004104082,974.800583,0.1290894,974.8005915
53.44296265,11.93641663,0.995587868,-0.093833884,993.257782,2.1203612,993.2600452
54.56134033,11.72276306,0.982064413,-0.188545721,1014.297913,4.2730714,1014.306914
55.66085815,11.3928833,0.95612584,-0.292956275,1035.565948,6.5975952,1035.586965
56.70292664,10.94514465,0.91300473,-0.407948971,1056.514236,8.954773,1056.552185
57.6643219,10.38517761,0.854000886,-0.520271551,1076.394211,11.1993408,1076.452471
58.61463928,9.653167725,0.774004605,-0.633179968,1094.671799,14.6401977,1094.769694
59.38069153,8.903900146,0.704146627,-0.710054595,1112.912094,14.98535158,1113.012978
59.9954834,8.170257568,0.643056424,-0.765818801,1127.618347,14.67285156,1127.713807
60.60919189,7.285247803,0.572155174,-0.820145388,1139.300476,17.7001953,1139.437963
61.19851685,6.225753784,0.48405074,-0.875039931,1150.985321,21.18988038,1151.180359
61.60418701,5.296508789,0.403948728,-0.914781627,1162.36615,18.5848999,1162.514716
62.00141907,4.095626831,0.306479744,-0.951877181,1170.082321,24.01763916,1170.328794
62.2568512,2.950653076,0.20779967,-0.978171405,1177.77153,22.8994751,1177.994127
62.39129639,1.886322021,0.109359124,-0.994002305,1182.745728,21.2866211,1182.937266
62.42514038,0.554840088,-0.0100262,-0.999949736,1185.400787,26.62963866,1185.699863
62.34399414,-0.551727295,-0.10181934,-0.994802906,1186.158813,22.13134766,1186.365259
62.14219666,-1.790084839,-0.194182942,-0.980965333,1184.737686,24.76715088,1184.996539
61.83654785,-3.037002563,-0.263164697,-0.964750922,1181.007385,24.93835448,1181.270657
61.46887207,-4.299728394,-0.29080394,-0.956782665,1175.262085,25.25451662,1175.533393
61.03265381,-5.717422485,-0.297226286,-0.954807067,1168.344788,28.35388182,1168.688789
60.60742188,-7.03187561,-0.309985547,-0.950741269,1160.045654,26.2890625,1160.343499
60.18661499,-8.228775024,-0.335709202,-0.941965674,1151.961823,23.93798828,1152.210514
59.64555359,-9.546966553,-0.394371426,-0.91895113,1144.086746,26.36383058,1144.390464
59.00279236,-10.8039093,-0.483625504,-0.875275026,1133.908279,25.13885494,1134.186911
58.25285339,-11.96903992,-0.583878252,-0.811841232,1121.802994,23.3026124,1122.044994
57.66564941,-12.72894287,-0.647134785,-0.76237561,1107.391418,15.198059,1107.495704
56.34683228,-14.13554382,-0.741746292,-0.670680579,1096.966156,28.132019,1097.326824
55.28813171,-15.05296326,-0.792731999,-0.609570322,1071.648514,18.3483888,1071.80558
54.13937378,-15.89430237,-0.831023929,-0.556236667,1051.62326,16.8267822,1051.757873
52.91236877,-16.66184998,-0.862148427,-0.50665579,1029.875107,15.3509522,1029.989508
51.75814819,-17.31304932,-0.879111267,-0.476616597,1006.489227,13.0239868,1006.573489
50.29716492,-18.07826233,-0.891380462,-0.453255858,984.8657989,15.3042602,984.9847015
49.06381226,-18.68252563,-0.90172457,-0.432310998,956.8794861,12.085266,956.9558008
47.65324402,-19.32400513,-0.914843972,-0.403807513,933.6230012,12.82959,933.7111474
46.20808411,-19.94691467,-0.920775242,-0.39009352,906.8567963,12.4581908,906.9423661
44.5897522,-20.63421631,-0.921233494,-0.38901009,879.57193,13.7460328,879.6793356
43.2414093,-21.1953125,-0.92388356,-0.382673708,848.5536347,11.2219238,848.6278351
41.56169128,-21.8686676,-0.930161905,-0.367149603,823.2664947,13.467102,823.3766357
40.15940857,-22.40187073,-0.937149316,-0.348928589,791.074417,10.6640626,791.1462921
38.40864563,-23.01864624,-0.947849059,-0.318719566,764.7795258,12.3355102,764.8790021
36.779953,-23.53279114,-0.958507206,-0.285068299,731.3929596,10.282898,731.4652414
35.12103271,-24.01556396,-0.963935287,-0.266136737,700.4780273,9.6554564,700.54457
33.60668945,-24.43812561,-0.965216524,-0.261451836,668.8139648,8.451233,668.8673581
31.72361755,-24.91717529,-0.972304591,-0.233717312,640.4101715,9.5809936,640.4818367
30.33140564,-25.222229,-0.980246221,-0.197781057,604.1409454,6.1010742,604.1717512
28.56437683,-25.53945923,-0.988948198,-0.148261461,578.063736,6.3446046,578.0985529
26.58981323,-25.7820282,-0.996584613,-0.082577903,544.6977234,4.8513794,544.7193275
24.77545166,-25.8809967,-0.999968584,-0.007926544,507.0208129,1.97937,507.0246766
22.95002747,-25.8598938,-0.997940155,0.064151744,472.5590057,0.422058,472.5591942
21.12109375,-25.72160339,-0.992224194,0.124463441,437.8794557,2.7658082,437.8881905
19.30445862,-25.46876526,-0.982978783,0.18371911,403.1174164,5.0567626,403.1491315
17.52467346,-25.11451721,-0.970984525,0.239142327,368.5644989,7.084961,368.6325902
15.79263306,-24.66514587,-0.956066197,0.293150861,334.7008361,8.9874268,334.8214801
13.95106506,-24.06214905,-0.935040721,0.354540335,301.9015961,12.0599364,302.1423767
12.49815369,-23.48776245,-0.914652075,0.404241983,266.5231475,11.487732,266.7706058
10.94754028,-22.7638092,-0.887010567,0.461749124,239.0155335,14.479065,239.4536878
9.477752686,-21.94326782,-0.848076263,0.529874185,209.4730529,16.4108276,210.1149094
8.104553223,-21.02270508,-0.795157737,0.606402649,181.4505005,18.4112548,182.3821769
6.840270996,-20.00801086,-0.734094261,0.67904758,155.2507935,20.2938844,156.5715511
5.691253662,-18.90664673,-0.663530381,0.748149339,131.1141663,22.0272826,132.9515918
4.666641235,-17.72898865,-0.590323811,0.807166525,109.158432,23.5531616,111.6705633
3.68119812,-16.34655762,-0.509807117,0.860288733,89.65162658,27.6486206,93.81823048
2.897705078,-15.00886536,-0.456491782,0.889727628,70.72625732,26.7538452,75.61727123
2.27381897,-13.74433899,-0.413809993,0.910363274,55.68028259,25.2905274,61.15475979
1.666061401,-12.28385925,-0.359601923,0.933105812,43.810318,29.2095948,52.654956
1.155654907,-10.77235413,-0.291561644,0.956552041,32.16557311,30.2301024,44.14162644
0.745849609,-9.214706421,-0.219491438,0.975614426,22.36724853,31.15295418,38.35101512
0.429168701,-7.618927002,-0.160586954,0.987021697,14.48782348,31.91558838,35.04999017
0.183288574,-5.824768066,-0.100011886,0.994986242,8.400085446,35.88317872,36.85327598
0.052825928,-4.329727173,-0.061664312,0.998096946,3.612945552,29.90081786,30.1183048
-0.022415161,-2.645492554,-0.022460734,0.999747726,1.078933721,33.68469238,33.70196728
-0.029052734,-0.940307617,0.016596637,0.999862266,0.419250486,34.10369874,34.10627565
